<window name="About" type="main">
    
    <bouncyBox colour="red" />
    <bouncyBox x="480" colour="blue" />
    <bouncyBox y="272" colour="green" />
    <bouncyBox x="480" y="272" colour="gray" />
        
    <!-- Background -->
    <quad x="0" y="0" width="480" height="272" colour="235,234,235,200" />
    
    <quad x="0" y="0" width="480" height="30" colour="black,200" />
    <text x="240" y="20" font="{LATIN_SANS_SERIF_BOLD}" align="center" size="1.0" colour="red" shadowColour="90,0,0" value="About &amp; Credits" />
    <!--<image whence="online" x="475" y="3" align="right" src="wifi.png" />-->
    
    <text x="5" y="50" font="{LATIN_SANS_SERIF_BOLD_SMALL}" size="1.0" colour="23,23,23" value="Thanks for using xMangaPSP!" />
    <text x="5" y="70" font="{LATIN_SANS_SERIF_REGULAR_SMALL}" size="1.0" colour="23,23,23" value="xMangaPSP wouldn't be possible without the help of various people:" />
    
    <text x="20" y="100" font="{LATIN_SANS_SERIF_BOLD_SMALL}" size="1.0" colour="23,23,23" value="Chaotic([X]SinZ)" />
    <text x="170" y="100" font="{LATIN_SANS_SERIF_ITALIC_SMALL}" size="1.0" colour="23,23,23" value="Creator of xMangaPSP. [me!]" />
    
    <text x="20" y="120" font="{LATIN_SANS_SERIF_BOLD_SMALL}" size="1.0" colour="23,23,23" value="##psp-programming" />
    <text x="20" y="140" font="{LATIN_SANS_SERIF_ITALIC_BOLD_SMALL}" size="1.0" colour="23,23,23" value="(on freenode)" />
    <text x="170" y="120" font="{LATIN_SANS_SERIF_ITALIC_SMALL}" size="1.0" colour="23,23,23" value="Providing a lot of help." />
    <text x="170" y="140" font="{LATIN_SANS_SERIF_ITALIC_SMALL}" size="1.0" colour="23,23,23" value="(hardhat, slicer4ever, A_Nub, jonlimle, etc)" />
    
    <text x="20" y="160" font="{LATIN_SANS_SERIF_BOLD_SMALL}" size="1.0" colour="23,23,23" value="Benhur / Geeko" />
    <text x="170" y="160" font="{LATIN_SANS_SERIF_ITALIC_SMALL}" size="1.0" colour="23,23,23" value="For intraFont(-G)" />
    
    <text x="20" y="180" font="{LATIN_SANS_SERIF_BOLD_SMALL}" size="1.0" colour="23,23,23" value="Samoi, kgsws, etc" />
    <text x="170" y="180" font="{LATIN_SANS_SERIF_ITALIC_SMALL}" size="1.0" colour="23,23,23" value="For the signing tool." />
    
    <text x="240" y="210" font="{LATIN_SANS_SERIF_BOLD_SMALL}" size="1.0" align="center" colour="23,23,23" value="…and others I'm probably forgetting! (Sorry)" />
    
    <text x="240" y="252" font="{LATIN_SANS_SERIF_ITALIC_SMALL}" align="center" size="1.0" colour="red" value="Happy Manga Reading!" />
    
    <text x="5" y="265" font="{SYMBOLS}" align="left" size="1.0" colour="23,23,23" value="" />
    <text x="25" y="261" font="{LATIN_SERIF_REGULAR_SMALL}" align="left" size="1.0" colour="73,73,73" value="- Genesis Splash" />
    
    <text x="455" y="261" font="{LATIN_SERIF_REGULAR_SMALL}" align="right" size="1.0" colour="73,73,73" value="Back - " />
    <text x="475" y="264" font="{SYMBOLS}" align="right" size="1.0" colour="23,23,23" value="" />
                    
</window>
